InvoiceNo,StockCode,Description,Quantity,InvoiceDate,UnitPrice,CustomerID,Country
532657,21314,SMALL GLASS HEART TRINKET POT,12,2010-11-14 11:10:00,2.1,14562.0,United Kingdom
563214,22383,LUNCH BAG SUKI DESIGN ,2,2011-08-14 12:56:00,1.65,16370.0,United Kingdom
507597,22561,WOODEN SCHOOL COLOURING SET,12,2010-05-10 13:21:00,1.65,17700.0,United Kingdom
491634,21588,RETRO SPOT GIANT  TUBE MATCHES,1,2009-12-11 15:40:00,2.55,17841.0,United Kingdom
496007,85232B,SET/3 RUSSIAN DOLL STACKING TINS,3,2010-01-28 12:32:00,4.95,15203.0,United Kingdom
539041,21832,CHOCOLATE CALCULATOR,4,2010-12-15 15:34:00,1.65,15456.0,United Kingdom
575905,22089,PAPER BUNTING VINTAGE PAISLEY,6,2011-11-11 15:49:00,2.95,13732.0,United Kingdom
540026,21519,GIN & TONIC DIET GREETING CARD ,2,2011-01-04 13:25:00,0.85,,United Kingdom
536804,22988,SOLDIERS EGG CUP ,72,2010-12-02 16:34:00,1.25,14031.0,United Kingdom
546899,20719,WOODLAND CHARLOTTE BAG,50,2011-03-17 18:27:00,0.72,14298.0,United Kingdom
514369,22366,DOOR MAT AIRMAIL ,2,2010-07-02 08:26:00,7.49,12477.0,Germany
503547,84077,WORLD WAR 2 GLIDERS ASSTD DESIGNS,48,2010-04-01 14:52:00,0.21,14049.0,United Kingdom
575219,22411,JUMBO SHOPPER VINTAGE RED PAISLEY,100,2011-11-09 11:17:00,1.79,17511.0,United Kingdom
502829,21687,SILVER PLATE CANDLE BOWL LARGE,2,2010-03-28 12:20:00,3.75,17827.0,United Kingdom
492593,47369B,BLUE GREEN EMBROIDERY COSMETIC BAG,1,2009-12-17 15:44:00,2.95,15917.0,United Kingdom
569699,22751,FELTCRAFT PRINCESS OLIVIA DOLL,1,2011-10-05 15:52:00,3.75,12723.0,France
530139,22650,CERAMIC PIRATE CHEST MONEY BANK,12,2010-11-01 16:24:00,1.45,14426.0,United Kingdom
524601,21974,SET OF 36 PAISLEY FLOWER DOILIES,12,2010-09-29 16:46:00,1.45,12661.0,Sweden
569897,22508,DOORSTOP RETROSPOT HEART,1,2011-10-06 16:01:00,3.75,17813.0,United Kingdom
512554,37503,TEA TIME CAKE STAND IN GIFT BOX,2,2010-06-16 14:01:00,10.75,15005.0,United Kingdom
513335,21930,JUMBO STORAGE BAG SKULLS,10,2010-06-24 09:49:00,1.95,17686.0,United Kingdom
569537,23507,MINI PLAYING CARDS BUFFALO BILL ,20,2011-10-04 15:45:00,0.42,13269.0,United Kingdom
497742,72760B,VINTAGE CREAM 3 BASKET CAKE STAND,16,2010-02-12 10:45:00,8.49,16029.0,United Kingdom
506224,84709B,PINK OVAL JEWELLED MIRROR,1,2010-04-28 11:55:00,5.91,,United Kingdom
547788,22845,VINTAGE CREAM CAT FOOD CONTAINER,1,2011-03-25 12:00:00,12.46,,United Kingdom
538349,22819,"BIRTHDAY CARD, RETRO SPOT",2,2010-12-10 14:59:00,0.85,,United Kingdom
493667,20888,SET 3 JARDIN DE FEMME SCENT CANDLES,24,2010-01-05 12:13:00,1.25,13253.0,United Kingdom
562933,21787,RAIN PONCHO RETROSPOT,3,2011-08-10 16:51:00,1.63,,United Kingdom
531227,22297,HEART IVORY TRELLIS SMALL,4,2010-11-05 16:42:00,1.25,14825.0,United Kingdom
558906,22470,HEART OF WICKER LARGE,2,2011-07-04 16:35:00,2.95,15555.0,United Kingdom
516839,20726,LUNCH BAG WOODLAND,10,2010-07-23 11:17:00,1.65,12647.0,Germany
572549,22197,POPCORN HOLDER,1,2011-10-24 17:03:00,1.63,,United Kingdom
494471,21484,CHICK GREY HOT WATER BOTTLE,2,2010-01-14 14:48:00,3.45,13680.0,United Kingdom
497815,22058,,192,2010-02-12 14:52:00,0.0,,United Kingdom
575886,21731,RED TOADSTOOL LED NIGHT LIGHT,12,2011-11-11 13:57:00,1.65,12517.0,Germany
535777,22659,LUNCH BOX I LOVE LONDON,8,2010-11-28 13:43:00,1.95,13735.0,United Kingdom
505316,21878,PACK OF 6 SANDCASTLE FLAGS ASSORTED,4,2010-04-21 12:06:00,0.85,16231.0,United Kingdom
567709,22138,BAKING SET 9 PIECE RETROSPOT ,3,2011-09-22 09:53:00,4.95,15239.0,United Kingdom
522298,20972,PINK CREAM FELT CRAFT TRINKET BOX ,12,2010-09-13 14:45:00,1.25,14913.0,United Kingdom
551014,22971,QUEENS GUARD COFFEE MUG,6,2011-04-26 11:04:00,2.55,13209.0,United Kingdom
565461,22568,FELTCRAFT CUSHION OWL,4,2011-09-05 09:34:00,3.75,18261.0,United Kingdom
579520,22175,PINK OWL SOFT TOY,1,2011-11-29 18:14:00,2.95,12748.0,United Kingdom
533140,22866,HAND WARMER SCOTTY DOG DESIGN,2,2010-11-16 13:04:00,2.1,15968.0,United Kingdom
556804,22423,REGENCY CAKESTAND 3 TIER,2,2011-06-14 15:14:00,12.75,15125.0,United Kingdom
559357,21165,BEWARE OF THE CAT METAL SIGN ,2,2011-07-07 18:56:00,1.69,17107.0,United Kingdom
537034,22616,PACK OF 12 LONDON TISSUES ,48,2010-12-03 17:20:00,0.29,13081.0,United Kingdom
501306,35811A,ENAMEL PINK SUGAR CONTAINER,1,2010-03-15 17:29:00,4.21,,United Kingdom
560283,23196,VINTAGE LEAF MAGNETIC NOTEPAD,12,2011-07-18 08:32:00,0.0,,EIRE
535131,22193,RED DINER WALL CLOCK,2,2010-11-25 11:38:00,8.5,14733.0,United Kingdom
535088,22644,CERAMIC CHERRY CAKE MONEY BANK,12,2010-11-25 10:05:00,1.45,17167.0,United Kingdom
574896,23326,HANGING MINI COLOURED BOTTLES,6,2011-11-07 14:51:00,0.63,17014.0,United Kingdom
579550,23096,PETIT TRAY CHIC,12,2011-11-30 10:48:00,1.65,12630.0,Finland
525745,21531,RED RETROSPOT SUGAR JAM BOWL,6,2010-10-07 09:23:00,2.55,13785.0,United Kingdom
516610,20770,ABSTRACT CIRCLE JOURNAL ,6,2010-07-21 14:41:00,2.55,13615.0,United Kingdom
580048,23344,JUMBO BAG 50'S CHRISTMAS ,2,2011-12-01 12:53:00,2.08,12748.0,United Kingdom
537240,22470,HEART OF WICKER LARGE,1,2010-12-06 10:08:00,5.91,,United Kingdom
560079,22706,WRAP COWBOYS  ,25,2011-07-14 16:12:00,0.42,15521.0,United Kingdom
490054,21493, VINTAGE DESIGN GIFT TAGS,48,2009-12-03 13:22:00,0.85,17017.0,United Kingdom
563174,23108,SET OF 10 LED DOLLY LIGHTS,2,2011-08-12 13:40:00,6.25,16746.0,United Kingdom
512168,47597,NEW ENGLAND TEATOWELS,2,2010-06-14 11:24:00,1.66,,United Kingdom
546780,23010,CIRCUS PARADE BABY GIFT SET,24,2011-03-17 07:40:00,14.95,12435.0,Denmark
540356,20677,PINK POLKADOT BOWL,1,2011-01-06 15:12:00,1.66,,United Kingdom
572066,22041,"RECORD FRAME 7"" SINGLE SIZE ",12,2011-10-20 13:07:00,2.55,15159.0,United Kingdom
552658,85141,JARDIN ETCHED GLASS FRUITBOWL,1,2011-05-10 14:57:00,3.95,14534.0,United Kingdom
581217,22187,GREEN CHRISTMAS TREE CARD HOLDER,4,2011-12-08 09:20:00,8.29,,United Kingdom
518271,20718,RED SPOTTY SHOPPER BAG,30,2010-08-06 08:57:00,1.25,12633.0,Germany
574298,22663,JUMBO BAG DOLLY GIRL DESIGN,1,2011-11-03 15:56:00,4.13,,United Kingdom
523364,82494L,WOODEN FRAME ANTIQUE WHITE ,6,2010-09-21 18:05:00,2.55,17850.0,United Kingdom
523864,20767,BLUE PAISLEY JOURNAL ,4,2010-09-24 12:24:00,2.55,15034.0,United Kingdom
513336,21238,RED SPOTTY CUP,8,2010-06-24 09:51:00,0.85,12705.0,Germany
522068,20723,STRAWBERRY CHARLOTTE BAG,1,2010-09-10 17:19:00,0.85,16549.0,United Kingdom
536876,22471,TV DINNER TRAY AIR HOSTESS ,1,2010-12-03 11:36:00,11.02,,United Kingdom
548670,85152,HAND OVER THE CHOCOLATE   SIGN ,2,2011-04-01 15:37:00,2.1,15356.0,United Kingdom
519507,20726,LUNCH BAG WOODLAND,10,2010-08-17 15:17:00,1.65,15144.0,United Kingdom
509743,22277,COSMETIC BAG VINTAGE ROSE PAISLEY,1,2010-05-25 13:21:00,2.1,17841.0,United Kingdom
562892,23296,SET OF 6 TEA TIME BAKING CASES,8,2011-08-10 12:24:00,1.25,16292.0,United Kingdom
534389,85203,HANGING WOOD AND FELT BUTTERFLY ,1,2010-11-22 13:02:00,0.84,,United Kingdom
565396,21314,SMALL GLASS HEART TRINKET POT,6,2011-09-02 16:39:00,4.13,,United Kingdom
525071,22949,36 DOILIES DOLLY GIRL,12,2010-10-03 14:50:00,1.45,12583.0,France
511262,22118,JOY WOODEN BLOCK LETTERS,1,2010-06-07 12:43:00,4.95,16655.0,United Kingdom
544569,21622,VINTAGE UNION JACK CUSHION COVER,3,2011-02-21 12:58:00,4.95,16980.0,United Kingdom
556222,23321,SMALL WHITE HEART OF WICKER,3,2011-06-09 14:23:00,1.69,17522.0,United Kingdom
565491,22946,WOODEN ADVENT CALENDAR CREAM,12,2011-09-05 11:41:00,12.75,13881.0,United Kingdom
548984,21080,SET/20 RED RETROSPOT PAPER NAPKINS ,2,2011-04-05 12:37:00,0.85,14546.0,United Kingdom
527503,22813,PACK 3 BOXES BIRD PANNETONE ,96,2010-10-18 12:23:00,1.65,16133.0,United Kingdom
533140,22047,EMPIRE GIFT WRAP,25,2010-11-16 13:04:00,0.42,15968.0,United Kingdom
566024,23201,JUMBO BAG ALPHABET,10,2011-09-08 12:51:00,2.08,13871.0,United Kingdom
569521,21181,PLEASE ONE PERSON METAL SIGN,1,2011-10-04 14:33:00,2.1,16474.0,United Kingdom
489545,22143,CHRISTMAS CRAFT HEART DECORATIONS,1,2009-12-01 12:22:00,2.1,17804.0,United Kingdom
536876,21846,PINK DIAMANTE PEN IN GIFT BOX,1,2010-12-03 11:36:00,4.21,,United Kingdom
525493,22079,RIBBON REEL HEARTS DESIGN ,4,2010-10-05 16:18:00,1.65,17576.0,United Kingdom
573553,15056bl,EDWARDIAN PARASOL BLACK,1,2011-10-31 13:48:00,12.46,,United Kingdom
490674,22118,JOY WOODEN BLOCK LETTERS,3,2009-12-07 13:06:00,4.95,14307.0,United Kingdom
562339,23198,PANTRY MAGNETIC  SHOPPING LIST,4,2011-08-04 11:59:00,1.45,13571.0,United Kingdom
549240,21034,REX CASH+CARRY JUMBO SHOPPER,1,2011-04-07 11:37:00,0.95,15910.0,United Kingdom
575985,23209,LUNCH BAG VINTAGE DOILY ,1,2011-11-13 14:09:00,1.65,17841.0,United Kingdom
527042,21429,RED GINGHAM ROSE JEWELLERY BOX,8,2010-10-14 12:31:00,1.65,14911.0,EIRE
500784,85049D,BRIGHT BLUES RIBBONS ,12,2010-03-10 10:51:00,1.25,14286.0,United Kingdom
544075,22863,SOAP DISH BROCANTE,48,2011-02-15 14:50:00,2.55,14156.0,EIRE
499308,22266,EASTER DECORATION HANGING BUNNY,24,2010-02-26 10:11:00,0.65,14329.0,United Kingdom
557296,21933,PINK VINTAGE PAISLEY PICNIC BAG,2,2011-06-19 13:51:00,1.65,15334.0,United Kingdom
579300,23344,JUMBO BAG 50'S CHRISTMAS ,32,2011-11-29 11:30:00,2.08,14667.0,United Kingdom
553831,23118,PARISIENNE JEWELLERY DRAWER ,4,2011-05-19 11:36:00,7.5,14442.0,Channel Islands
495150,85062,PEARL CRYSTAL PUMPKIN T-LIGHT HLDR,6,2010-01-21 11:51:00,1.65,14714.0,United Kingdom
544042,82580,BATHROOM METAL SIGN,2,2011-02-15 11:52:00,0.55,14527.0,United Kingdom
499220,84849B,FAIRY SOAP SOAP HOLDER,1,2010-02-25 11:32:00,1.69,14606.0,United Kingdom
530060,85150,LADIES & GENTLEMEN METAL SIGN,1,2010-11-01 11:35:00,2.55,,United Kingdom
557309,21122,SET/10 PINK POLKADOT PARTY CANDLES,24,2011-06-19 15:15:00,1.25,16493.0,United Kingdom
497632,21770,OPEN CLOSED METAL SIGN,1,2010-02-11 13:41:00,4.95,16918.0,United Kingdom
559372,22499,WOODEN UNION JACK BUNTING,3,2011-07-08 10:23:00,5.95,12461.0,Switzerland
576654,22112,CHOCOLATE HOT WATER BOTTLE,1,2011-11-16 10:55:00,4.95,15584.0,United Kingdom
520428,22620,4 TRADITIONAL SPINNING TOPS,48,2010-08-26 11:13:00,1.25,18093.0,United Kingdom
566053,23397,FOOT STOOL HOME SWEET HOME ,1,2011-09-08 14:57:00,9.95,14410.0,United Kingdom
545587,82582,AREA PATROLLED METAL SIGN,2,2011-03-04 09:46:00,2.1,14796.0,United Kingdom
509156,84580,MOUSE TOY WITH PINK T-SHIRT,2,2010-05-20 13:28:00,3.75,15025.0,United Kingdom
580272,22141,CHRISTMAS CRAFT TREE TOP ANGEL,2,2011-12-02 12:52:00,2.1,15547.0,United Kingdom
502922,22482,BLUE TEA TOWEL CLASSIC DESIGN,1,2010-03-29 14:04:00,1.25,18041.0,United Kingdom
537622,22616,PACK OF 12 LONDON TISSUES ,12,2010-12-07 14:30:00,0.29,13173.0,United Kingdom
490745,22348,TEA BAG PLATE RED SPOTTY ,3,2009-12-07 18:02:00,1.7,,United Kingdom
543467,22310,IVORY KNITTED MUG COSY ,1,2011-02-08 14:35:00,3.29,,United Kingdom
557260,22341,LOVE GARLAND PAINTED ZINC ,12,2011-06-19 10:39:00,1.65,17932.0,United Kingdom
537879,85150,LADIES & GENTLEMEN METAL SIGN,6,2010-12-09 08:34:00,2.55,14243.0,United Kingdom
543189,22432,WATERING CAN PINK BUNNY,6,2011-02-04 11:48:00,1.95,17517.0,United Kingdom
567338,22969,HOMEMADE JAM SCENTED CANDLES,12,2011-09-19 15:00:00,1.45,14146.0,United Kingdom
520952,22680,"FRENCH BLUE METAL DOOR SIGN, 5",6,2010-09-01 11:43:00,1.25,14901.0,United Kingdom
510548,71101E,STANDING FAIRY POLE SUPPORT ,6,2010-06-01 15:59:00,0.85,18038.0,United Kingdom
533588,84949,SILVER HANGING T-LIGHT HOLDER,192,2010-11-18 11:55:00,1.45,13089.0,United Kingdom
536742,21211,SET OF 72 SKULL PAPER  DOILIES,1,2010-12-02 13:14:00,1.45,16916.0,United Kingdom
532663,47566B,TEA TIME PARTY BUNTING,12,2010-11-14 11:32:00,4.65,14936.0,Channel Islands
498560,21240,BLUE  SPOTTY CUP,3,2010-02-21 11:29:00,0.85,16335.0,United Kingdom
573579,21156,RETROSPOT CHILDRENS APRON,1,2011-10-31 14:19:00,1.95,15033.0,United Kingdom
519925,22297,HEART IVORY TRELLIS SMALL,48,2010-08-22 15:00:00,1.25,15186.0,United Kingdom
514163,22150,3 STRIPEY MICE FELTCRAFT,2,2010-06-30 15:34:00,1.95,16283.0,United Kingdom
566249,23431,NATURAL HANGING QUILTED HEARTS ,12,2011-09-11 12:09:00,0.83,13527.0,United Kingdom
492226,21378,SMALL TALL CAMPHOR WOOD TOADSTOOL,2,2009-12-15 18:33:00,3.43,,United Kingdom
496913,82607C,GLASS BONBON JAR. SUPERFINES,6,2010-02-04 15:19:00,1.25,16986.0,United Kingdom
561214,22029,SPACEBOY BIRTHDAY CARD,1,2011-07-25 17:00:00,0.83,,United Kingdom
536975,21179,NO JUNK MAIL METAL SIGN,12,2010-12-03 14:04:00,1.25,14911.0,EIRE
516748,22172,METAL SHELF WITH RAIL ,1,2010-07-22 15:06:00,16.98,,United Kingdom
545851,22268,EASTER DECORATION SITTING BUNNY,6,2011-03-07 13:45:00,0.85,15026.0,United Kingdom
553044,21243,PINK  POLKADOT PLATE ,8,2011-05-13 09:24:00,1.69,12682.0,France
556825,85152,HAND OVER THE CHOCOLATE   SIGN ,1,2011-06-15 10:24:00,4.13,,United Kingdom
495185,22236,CAKE STAND 3 TIER MAGIC GARDEN,12,2010-01-21 14:01:00,10.95,14439.0,Greece
537240,22059,CERAMIC STRAWBERRY DESIGN MUG,2,2010-12-06 10:08:00,3.36,,United Kingdom
578074,23109,PACK OF SIX LED TEA LIGHTS,12,2011-11-22 16:06:00,2.89,17590.0,United Kingdom
578510,23196,VINTAGE LEAF MAGNETIC NOTEPAD,2,2011-11-24 13:25:00,1.45,14056.0,United Kingdom
569983,22535,MAGIC DRAWING SLATE BUNNIES ,4,2011-10-06 19:49:00,0.42,17231.0,United Kingdom
543162,22511,RETROSPOT BABUSHKA DOORSTOP,1,2011-02-03 18:08:00,3.75,17507.0,United Kingdom
561359,23206,LUNCH BAG APPLE DESIGN,20,2011-07-26 15:29:00,1.65,17160.0,United Kingdom
490013,22333,RETRO SPORT PARTY BAG + STICKER SET,8,2009-12-03 12:27:00,1.65,17069.0,United Kingdom
562093,85099B,JUMBO BAG RED RETROSPOT,20,2011-08-02 12:59:00,1.79,13777.0,United Kingdom
501922,22119,PEACE WOODEN BLOCK LETTERS,1,2010-03-22 10:26:00,6.95,13151.0,United Kingdom
512946,22109,FULL ENGLISH BREAKFAST PLATE,6,2010-06-20 15:32:00,3.75,17625.0,United Kingdom
496690,22265,EASTER DECORATION NATURAL CHICK,6,2010-02-03 13:09:00,0.65,14399.0,United Kingdom
512902,22083,PAPER CHAIN KIT RETRO SPOT,18,2010-06-18 13:22:00,2.95,12412.0,Denmark
543283,47480,HANGING PHOTO CLIP ROPE LADDER,12,2011-02-07 09:15:00,1.65,15781.0,United Kingdom
558710,22955,36 FOIL STAR CAKE CASES ,1,2011-07-01 13:04:00,2.1,15483.0,United Kingdom
525017,21135,VICTORIAN  METAL POSTCARD SPRING,8,2010-10-03 11:35:00,1.69,13014.0,United Kingdom
558355,22795,SWEETHEART RECIPE BOOK STAND,2,2011-06-28 14:58:00,6.75,13614.0,United Kingdom
559289,21932,SCANDINAVIAN PAISLEY PICNIC BAG,3,2011-07-07 12:22:00,1.65,15719.0,United Kingdom
569007,21912,VINTAGE SNAKES & LADDERS,4,2011-09-29 18:51:00,3.75,17552.0,United Kingdom
566914,21121,SET/10 RED POLKADOT PARTY CANDLES,4,2011-09-15 14:08:00,1.25,15466.0,United Kingdom
556426,22631,CIRCUS PARADE LUNCH BOX ,3,2011-06-10 13:18:00,1.95,16729.0,United Kingdom
551400,85099B,JUMBO BAG RED RETROSPOT,10,2011-04-28 13:18:00,2.08,17160.0,United Kingdom
546117,21080,SET/20 RED RETROSPOT PAPER NAPKINS ,6,2011-03-09 13:56:00,0.85,16771.0,United Kingdom
490938,35633B,BLUE TINSEL GARLAND ,5,2009-12-08 13:59:00,0.19,14605.0,United Kingdom
577095,35637A,IVORY STRING CURTAIN WITH POLE ,1,2011-11-17 16:39:00,1.95,15867.0,United Kingdom
535531,22837,HOT WATER BOTTLE BABUSHKA ,3,2010-11-26 15:16:00,4.65,17841.0,United Kingdom
503964,79191C,RETRO PLASTIC ELEPHANT TRAY,12,2010-04-08 17:04:00,0.85,12998.0,United Kingdom
563936,23268,SET OF 2 CERAMIC CHRISTMAS REINDEER,12,2011-08-22 09:03:00,1.45,17828.0,Malta
537842,21136,PAINTED METAL PEARS ASSORTED,8,2010-12-08 15:12:00,1.69,13140.0,United Kingdom
C552212,23127,FELTCRAFT GIRL NICOLE KIT,-3,2011-05-06 15:08:00,4.95,17422.0,United Kingdom
559894,21156,RETROSPOT CHILDRENS APRON,1,2011-07-13 12:06:00,1.95,14159.0,United Kingdom
529847,21165,BEWARE OF THE CAT METAL SIGN ,3,2010-10-31 13:23:00,1.69,13050.0,United Kingdom
527426,22904,CALENDAR PAPER CUT DESIGN,6,2010-10-17 16:16:00,2.95,17703.0,United Kingdom
523943,21755,LOVE BUILDING BLOCK WORD,1,2010-09-26 11:13:00,5.95,14161.0,United Kingdom
499494,85200,BUNNY EGG BOX,6,2010-02-28 14:12:00,1.25,16283.0,United Kingdom
566602,23275,SET OF 3 HANGING OWLS OLLIE BEAK,1,2011-09-13 16:05:00,2.46,,United Kingdom
502896,22374,AIRLINE BAG VINTAGE JET SET RED,3,2010-03-29 11:49:00,6.35,15527.0,United Kingdom
497922,21156,RED SPOTTY CHILDS APRON,8,2010-02-14 15:47:00,1.95,14909.0,United Kingdom
566060,20774,GREEN FERN NOTEBOOK,1,2011-09-08 15:27:00,1.63,,United Kingdom
552723,22991,GIRAFFE WOODEN RULER,12,2011-05-11 10:18:00,1.95,16229.0,United Kingdom
524525,84832,ZINC WILLIE WINKIE  CANDLE STICK,22,2010-09-29 13:15:00,0.85,14449.0,United Kingdom
534011,82552,WASHROOM METAL SIGN,24,2010-11-19 14:30:00,1.45,17873.0,United Kingdom
532810,21368,MIRRORED WALL ART LADIES,1,2010-11-14 15:23:00,2.55,17545.0,United Kingdom
536409,84906,PINK B'FLY C/COVER W BOBBLES,1,2010-12-01 11:45:00,5.95,17908.0,United Kingdom
536798,22429,ENAMEL MEASURING JUG CREAM,4,2010-12-02 15:55:00,4.25,17838.0,United Kingdom
526392,22411,JUMBO SHOPPER VINTAGE RED PAISLEY,10,2010-10-11 13:19:00,1.95,17675.0,United Kingdom
534158,84836,ZINC METAL HEART DECORATION,12,2010-11-21 12:40:00,1.25,13988.0,United Kingdom
498764,84990,60 GOLD AND SILVER FAIRY CAKE CASES,3,2010-02-22 17:21:00,0.55,14081.0,United Kingdom
541497,22322,BIRD DECORATION GREEN POLKADOT,10,2011-01-18 15:19:00,0.79,,United Kingdom
520847,22362,GLASS JAR PEACOCK BATH SALTS,1,2010-08-31 12:48:00,2.95,16791.0,United Kingdom
546643,22966,GINGERBREAD MAN COOKIE CUTTER,12,2011-03-15 13:23:00,1.25,16214.0,United Kingdom
520554,21524,DOORMAT SPOTTY HOME SWEET HOME,6,2010-08-26 16:25:00,7.49,16523.0,United Kingdom
562711,72807C,SET/3 VANILLA SCENTED CANDLE IN BOX,1,2011-08-08 14:53:00,4.25,16788.0,United Kingdom
521901,21154,RED SPOTTY OVEN GLOVE ,1,2010-09-09 12:37:00,1.25,14688.0,United Kingdom
490074,21543,BUTTERFLY WATER TRANSFER TATTOOS ,1,2009-12-03 14:39:00,1.7,,United Kingdom
541827,22259,FELT FARM ANIMAL HEN,1,2011-01-21 17:05:00,0.83,,United Kingdom
516948,84946,ANTIQUE SILVER TEA GLASS ETCHED,24,2010-07-25 15:27:00,1.25,14551.0,United Kingdom
528263,22470,HEART OF WICKER LARGE,3,2010-10-21 11:52:00,2.95,16412.0,United Kingdom
539112,82486,WOOD S/3 CABINET ANT WHITE FINISH,2,2010-12-16 11:15:00,7.95,13468.0,United Kingdom
516700,22166,"WALL MIRROR , RECT DIAMANTE, PINK/",1,2010-07-22 12:09:00,16.13,,United Kingdom
559337,23203,JUMBO BAG DOILEY PATTERNS,1,2011-07-07 16:27:00,4.13,,United Kingdom
575668,23318,BOX OF 6 MINI VINTAGE CRACKERS,2,2011-11-10 14:59:00,2.49,18283.0,United Kingdom
529368,22775,PURPLE DRAWERKNOB ACRYLIC EDWARDIAN,16,2010-10-28 10:16:00,2.51,,United Kingdom
568145,22496,SET OF 2 ROUND TINS DUTCH CHEESE,6,2011-09-25 11:30:00,2.95,12388.0,Australia
540995,84997B,RED 3 PIECE RETROSPOT CUTLERY SET,1,2011-01-13 09:30:00,7.46,,United Kingdom
540372,22936,BAKING MOULD ROSE WHITE CHOCOLATE,6,2011-01-06 16:41:00,3.25,13081.0,United Kingdom
575649,21039,RED RETROSPOT SHOPPING BAG,1,2011-11-10 14:23:00,2.55,,United Kingdom
543013,22167, OVAL WALL MIRROR DIAMANTE ,1,2011-02-02 13:35:00,8.29,,United Kingdom
535475,22869,NUMBER TILE COTTAGE GARDEN 1,1,2010-11-26 14:09:00,1.95,17817.0,United Kingdom
544206,82578,KITCHEN METAL SIGN,1,2011-02-17 10:33:00,1.25,,United Kingdom
536752,22752,SET 7 BABUSHKA NESTING BOXES,4,2010-12-02 14:06:00,7.65,17850.0,United Kingdom
493978,85099C,JUMBO  BAG BAROQUE BLACK WHITE,100,2010-01-10 11:55:00,1.65,17920.0,United Kingdom
497912,90167,BEADED LOVE HEART JEWELLERY SET,12,2010-02-14 14:35:00,0.85,12867.0,United Kingdom
494387,70007,HI TEC ALPINE HAND WARMER,8,2010-01-14 09:46:00,1.66,,United Kingdom
C581330,22959,WRAP CHRISTMAS VILLAGE,-25,2011-12-08 11:57:00,0.42,15877.0,United Kingdom
520500,21564,PINK  HEART SHAPE LOVE BUCKET ,1,2010-08-26 12:35:00,5.91,,United Kingdom
570273,23503,PLAYING CARDS KEEP CALM & CARRY ON,12,2011-10-10 10:51:00,1.25,13373.0,United Kingdom
580501,21592,RETROSPOT CIGAR BOX MATCHES ,3,2011-12-04 13:00:00,0.39,14546.0,United Kingdom
C547229,22801,ANTIQUE GLASS PEDESTAL BOWL,-1,2011-03-21 15:49:00,3.75,17213.0,United Kingdom
538035,22756,LARGE YELLOW BABUSHKA NOTEBOOK ,3,2010-12-09 13:03:00,1.25,16065.0,United Kingdom
557878,22756,LARGE YELLOW BABUSHKA NOTEBOOK ,8,2011-06-23 13:13:00,1.25,16940.0,United Kingdom
510195,20716,PARTY FOOD SHOPPER BAG,2,2010-05-27 19:53:00,1.25,13230.0,United Kingdom
545230,20960,WATERMELON BATH SPONGE,1,2011-03-01 09:55:00,2.46,,United Kingdom
575477,22386,JUMBO BAG PINK POLKADOT,4,2011-11-09 16:14:00,4.13,,United Kingdom
580903,23169,CLASSIC GLASS COOKIE JAR,3,2011-12-06 12:56:00,4.15,14606.0,United Kingdom
514685,22458,CAST IRON HOOK GARDEN FORK,8,2010-07-05 14:11:00,2.55,15076.0,United Kingdom
581114,22795,SWEETHEART RECIPE BOOK STAND,1,2011-12-07 12:19:00,6.75,14527.0,United Kingdom
493961,47590B,PINK HAPPY BIRTHDAY BUNTING,1,2010-01-08 15:16:00,5.45,17841.0,United Kingdom
555275,20961,STRAWBERRY BATH SPONGE ,1,2011-06-01 17:18:00,2.46,,United Kingdom
551961,22906,12 MESSAGE CARDS WITH ENVELOPES,12,2011-05-05 12:39:00,1.65,13883.0,United Kingdom
507398,48184,DOOR MAT ENGLISH ROSE ,1,2010-05-09 13:15:00,7.49,17913.0,United Kingdom
534289,21354,TOAST ITS - BEST MUM,1,2010-11-22 11:25:00,2.51,,United Kingdom
564144,82616B,FRAPPUCINO SCARF KNITTING KIT,12,2011-08-23 11:53:00,1.25,13939.0,United Kingdom
557484,21872,GLAMOROUS  MUG,1,2011-06-20 14:36:00,1.25,14796.0,United Kingdom
563753,20727,LUNCH BAG  BLACK SKULL.,10,2011-08-19 10:51:00,1.65,12513.0,France
570458,84580,MOUSE TOY WITH PINK T-SHIRT,2,2011-10-10 15:39:00,3.75,14535.0,United Kingdom
511096,22719,GUMBALL MONOCHROME COAT RACK,12,2010-06-06 15:49:00,1.25,12682.0,France
538177,22969,HOMEMADE JAM SCENTED CANDLES,2,2010-12-10 09:51:00,3.36,,United Kingdom
566602,21507,ELEPHANT BIRTHDAY CARD ,1,2011-09-13 16:05:00,0.83,,United Kingdom
578270,21154,RED RETROSPOT OVEN GLOVE ,1,2011-11-23 13:39:00,2.46,14096.0,United Kingdom
504909,22198,"POPCORN HOLDER , LARGE",12,2010-04-19 08:57:00,1.65,15410.0,United Kingdom
532114,16161P,WRAP ENGLISH ROSE ,25,2010-11-10 17:39:00,0.42,14030.0,United Kingdom
571713,21356,TOAST ITS - FAIRY FLOWER,1,2011-10-18 16:58:00,0.83,,United Kingdom
501836,47566B,TEA TIME PARTY BUNTING,6,2010-03-19 17:03:00,4.65,15808.0,United Kingdom
578018,21844,RED RETROSPOT MUG,6,2011-11-22 13:08:00,2.95,15311.0,United Kingdom
556629,22427,ENAMEL FLOWER JUG CREAM,3,2011-06-13 14:55:00,5.95,14841.0,United Kingdom
541479,22090,PAPER BUNTING RETROSPOT,40,2011-01-18 11:54:00,2.55,16422.0,United Kingdom
563093,22659,LUNCH BOX I LOVE LONDON,1,2011-08-11 17:28:00,4.13,,United Kingdom
501443,20971,PINK BLUE FELT CRAFT TRINKET BOX,4,2010-03-16 14:01:00,1.25,15005.0,United Kingdom
571475,21982,PACK OF 12 SUKI TISSUES ,12,2011-10-17 14:42:00,0.39,15033.0,United Kingdom
507401,22093,MOTORING TISSUE BOX,1,2010-05-09 13:38:00,1.25,15555.0,United Kingdom
553842,20728,LUNCH BAG CARS BLUE,10,2011-05-19 12:24:00,1.65,12524.0,Germany
550938,15056N,EDWARDIAN PARASOL NATURAL,3,2011-04-21 15:16:00,5.95,16019.0,United Kingdom
579508,23309,SET OF 60 I LOVE LONDON CAKE CASES ,3,2011-11-29 16:33:00,1.25,,United Kingdom
559662,22355,CHARLOTTE BAG SUKI DESIGN,10,2011-07-11 13:32:00,0.85,16572.0,United Kingdom
543281,90214K,"LETTER ""K"" BLING KEY RING",1,2011-02-06 15:34:00,1.25,14606.0,United Kingdom
537434,90129F,RED GLASS TASSLE BAG CHARM,3,2010-12-06 16:57:00,1.66,,United Kingdom
525261,84992,72 SWEETHEART FAIRY CAKE CASES,24,2010-10-04 15:41:00,0.55,13035.0,United Kingdom
491041,21412,VINTAGE GOLD TINSEL REEL,2,2009-12-09 09:42:00,4.3,,United Kingdom
567661,21902,"KEY FOB , FRONT  DOOR ",5,2011-09-21 15:06:00,0.65,13959.0,United Kingdom
522943,84380,SET OF 3 BUTTERFLY COOKIE CUTTERS,12,2010-09-17 15:51:00,1.25,12543.0,Spain
524267,21063,PARTY INVITES JAZZ HEARTS,12,2010-09-28 11:44:00,0.85,17364.0,United Kingdom
511111,22271,FELTCRAFT DOLL ROSIE,1,2010-06-07 10:05:00,2.95,17994.0,United Kingdom
491966,20978,36 PENCILS TUBE SKULLS,3,2009-12-14 17:16:00,2.57,,United Kingdom
503997,21658,GLASS  BEURRE DISH,12,2010-04-09 11:34:00,3.95,15223.0,United Kingdom
576246,22494,EMERGENCY FIRST AID TIN ,2,2011-11-14 13:42:00,1.25,17566.0,United Kingdom
530818,22841,ROUND CAKE TIN VINTAGE GREEN,2,2010-11-04 13:14:00,7.95,13772.0,United Kingdom
562892,21974,SET OF 36 PAISLEY FLOWER DOILIES,12,2011-08-10 12:24:00,1.45,16292.0,United Kingdom
563588,23298,SPOTTY BUNTING,196,2011-08-17 19:15:00,4.15,17450.0,United Kingdom
494012,20766,GARDEN PATH SKETCHBOOK,1,2010-01-11 09:31:00,3.43,,United Kingdom
494483,85014A,BLACK/BLUE DOTS RUFFLED UMBRELLA,6,2010-01-14 16:33:00,5.95,13562.0,United Kingdom
566599,23297,SET 40 HEART SHAPE PETIT FOUR CASES,3,2011-09-13 15:37:00,1.65,15998.0,United Kingdom
519341,22129,PARTY CONES CANDY TREE DECORATION,24,2010-08-16 12:00:00,0.85,15050.0,United Kingdom
505165,21871,SAVE THE PLANET MUG,4,2010-04-20 12:29:00,1.25,15885.0,United Kingdom
514498,21507,"ELEPHANT, BIRTHDAY CARD, ",1,2010-07-04 10:45:00,0.42,16782.0,United Kingdom
553006,21544,SKULLS  WATER TRANSFER TATTOOS ,12,2011-05-12 16:45:00,0.85,15544.0,United Kingdom
581439,84946,ANTIQUE SILVER T-LIGHT GLASS,9,2011-12-08 16:30:00,2.46,,United Kingdom
501011,21781,MA CAMPAGNE CUTLERY BOX,4,2010-03-11 15:36:00,14.95,15768.0,United Kingdom
542526,21458,2 PICTURE BOOK EGGS EASTER BUNNY,6,2011-01-28 12:43:00,1.25,14659.0,United Kingdom
540468,22071,SMALL WHITE RETROSPOT MUG IN BOX ,1,2011-01-07 13:55:00,3.36,,United Kingdom
521796,22411,JUMBO SHOPPER VINTAGE RED PAISLEY,1,2010-09-08 13:57:00,1.95,17220.0,United Kingdom
499276,22412,METAL SIGN NEIGHBOURHOOD WITCH ,3,2010-02-25 18:12:00,2.1,15456.0,United Kingdom
550500,22131,FOOD CONTAINER SET 3 LOVE HEART ,1,2011-04-18 15:26:00,4.13,,United Kingdom
522952,22297,HEART IVORY TRELLIS SMALL,6,2010-09-19 11:25:00,1.25,14553.0,United Kingdom
536987,85123A,WHITE HANGING HEART T-LIGHT HOLDER,6,2010-12-03 14:54:00,2.95,17198.0,United Kingdom
536520,22583,PACK OF 6 HANDBAG GIFT BOXES,3,2010-12-01 12:43:00,2.55,14729.0,United Kingdom
533353,22867,HAND WARMER BIRD DESIGN,24,2010-11-17 10:02:00,2.1,13767.0,United Kingdom
526637,21213,PACK OF 72 SKULL CAKE CASES,48,2010-10-12 13:16:00,0.55,14688.0,United Kingdom
559979,22596,CHRISTMAS STAR WISH LIST CHALKBOARD,12,2011-07-14 11:20:00,1.25,14862.0,United Kingdom
509743,71495A,CD WALL TIDY BLUE OFFICE,1,2010-05-25 13:21:00,0.42,17841.0,United Kingdom
546406,90214N,"LETTER ""N"" BLING KEY RING",1,2011-03-11 16:21:00,0.83,,United Kingdom
544924,82482,WOODEN PICTURE FRAME WHITE FINISH,6,2011-02-24 17:18:00,2.55,13851.0,United Kingdom
554039,22534,MAGIC DRAWING SLATE SPACEBOY ,96,2011-05-20 14:27:00,0.42,15095.0,United Kingdom
507218,85226C,BLUE PULL BACK RACING CAR,6,2010-05-06 19:08:00,0.55,14713.0,United Kingdom
528613,22322,BIRD DECORATION GREEN POLKADOT,1,2010-10-22 15:57:00,1.66,,United Kingdom
516790,20727,LUNCH BAG  BLACK SKULL.,2,2010-07-23 10:35:00,1.65,17963.0,United Kingdom
529507,21498,RED RETROSPOT WRAP ,25,2010-10-28 14:29:00,0.42,16129.0,United Kingdom
525524,22500,SET OF 2 TINS JARDIN DE PROVENCE,1,2010-10-05 17:55:00,4.95,15750.0,United Kingdom
499497,84081,WHITE CERAMIC PARTY SET (5PCS),1,2010-02-28 14:24:00,4.25,14396.0,United Kingdom
536353,22149,FELTCRAFT 6 FLOWER FRIENDS,18,2010-11-30 17:43:00,2.1,17160.0,United Kingdom
545687,22659,LUNCH BOX I LOVE LONDON,2,2011-03-06 12:20:00,1.95,17769.0,United Kingdom
565437,22735,RIBBON REEL SOCKS AND MITTENS,10,2011-09-04 13:48:00,1.65,17050.0,United Kingdom
537823,22133,PINK LOVE HEART SHAPE CUP,2,2010-12-08 14:25:00,1.66,,United Kingdom
505579,22188,BLACK HEART CARD HOLDER,4,2010-04-23 12:13:00,3.39,17448.0,United Kingdom
560772,84876B,GREEN HEART COMPACT MIRROR,1,2011-07-20 16:12:00,2.46,,United Kingdom
503859,22358,KINGS CHOICE TEA CADDY ,6,2010-04-08 10:30:00,2.95,14855.0,United Kingdom
500449,21495,SKULLS WRAP,25,2010-03-08 12:08:00,0.42,17542.0,United Kingdom
552640,23203,JUMBO BAG DOILEY PATTERNS,1,2011-05-10 13:19:00,2.08,17841.0,United Kingdom
494762,84469,ROSE DES PADDED FLOOR CUSHION,1,2010-01-18 12:36:00,6.95,17841.0,United Kingdom
551005,85099C,JUMBO  BAG BAROQUE BLACK WHITE,2,2011-04-26 09:48:00,4.13,,United Kingdom
523508,20685,DOORMAT RED SPOT,1,2010-09-22 12:13:00,14.43,,United Kingdom
559693,22421,LIPSTICK PEN FUSCHIA,1,2011-07-11 16:21:00,0.83,,United Kingdom
521185,21768,WALL MOUNTED VINTAGE ORGANISER,6,2010-09-02 16:33:00,12.75,16133.0,United Kingdom
512567,22479,DAISY GARDEN MARKER,10,2010-06-16 14:41:00,1.25,14619.0,United Kingdom
553546,21888,BINGO SET,144,2011-05-17 15:42:00,3.39,12415.0,Australia
527252,21172,PARTY METAL SIGN ,12,2010-10-15 12:30:00,1.45,15207.0,United Kingdom
500353,21240,BLUE  SPOTTY CUP,8,2010-03-07 15:25:00,0.85,12668.0,Germany
545322,85099B,JUMBO BAG RED RETROSPOT,100,2011-03-01 14:56:00,1.65,13599.0,United Kingdom
522029,20750,RED/WHITE DOT MINI CASES,4,2010-09-10 12:05:00,7.95,12474.0,Germany
C515153,85014B,RED/WHITE DOTS RUFFLED UMBRELLA,-3,2010-07-08 15:02:00,5.95,12693.0,Germany
577218,90058B,CRYSTAL STUD EARRINGS ASSORTED COL ,36,2011-11-18 12:02:00,0.38,13117.0,United Kingdom
576617,23245,SET OF 3 REGENCY CAKE TINS,1,2011-11-15 16:57:00,10.79,,United Kingdom
535993,21891,TRADITIONAL WOODEN SKIPPING ROPE,12,2010-11-29 13:42:00,1.25,12870.0,United Kingdom
570602,22413,METAL SIGN TAKE IT OR LEAVE IT ,6,2011-10-11 12:17:00,2.95,14141.0,United Kingdom
523552,22197,SMALL POPCORN HOLDER,1,2010-09-22 15:07:00,1.66,,United Kingdom
493264,84029D,LEOPARD PRINT HOT WATER BOTTLE,2,2009-12-22 15:04:00,7.78,,United Kingdom
547697,22300,COFFEE MUG DOG + BALL DESIGN,6,2011-03-24 16:23:00,2.55,14348.0,United Kingdom
539405,POST,POSTAGE,6,2010-12-17 12:38:00,18.0,12621.0,Germany
548162,22079,RIBBON REEL HEARTS DESIGN ,2,2011-03-29 13:42:00,2.46,,United Kingdom
570225,23157,SET OF 6 NATIVITY MAGNETS ,4,2011-10-09 13:15:00,2.08,16595.0,United Kingdom
525458,21231,SWEETHEART CERAMIC TRINKET BOX,4,2010-10-05 14:45:00,2.51,,United Kingdom
523127,21811,CHRISTMAS HANGING HEART WITH BELL,1,2010-09-20 13:41:00,1.25,17259.0,United Kingdom
568565,23317,BLUE REFECTORY CLOCK ,1,2011-09-27 17:31:00,9.95,,United Kingdom
566726,23268,SET OF 2 CERAMIC CHRISTMAS REINDEER,3,2011-09-14 13:12:00,1.45,15021.0,United Kingdom
517578,21985,PACK OF 12 HEARTS DESIGN TISSUES ,48,2010-07-30 10:44:00,0.29,14346.0,United Kingdom
532149,21080,SET/20 RED RETROSPOT PAPER NAPKINS ,12,2010-11-11 12:04:00,0.85,15290.0,United Kingdom
496321,84402D,PINK DRESS JEWELLERY STAND ,2,2010-01-31 12:43:00,2.95,16014.0,United Kingdom
525900,21932,SCANDINAVIAN PAISLEY PICNIC BAG,5,2010-10-07 15:41:00,2.95,15314.0,United Kingdom
529265,21945,STRAWBERRIES  DESIGN FLANNEL ,12,2010-10-27 11:45:00,0.85,17473.0,United Kingdom
497494,47566,PARTY BUNTING,10,2010-02-10 08:44:00,4.65,13092.0,United Kingdom
546888,20659,ECONOMY LUGGAGE TAG,5,2011-03-17 18:15:00,2.46,,United Kingdom
576864,21263,GREEN GOOSE FEATHER TREE 60CM,2,2011-11-16 16:06:00,1.95,12748.0,United Kingdom
547063,22329,ROUND CONTAINER SET OF 5 RETROSPOT,2,2011-03-20 13:33:00,1.65,14769.0,United Kingdom
506566,21439,BASKET OF TOADSTOOLS,6,2010-04-30 12:46:00,1.25,14648.0,United Kingdom
501789,22241,GARLAND WOODEN HAPPY EASTER,1,2010-03-19 13:01:00,1.25,15768.0,United Kingdom
496579,22325,MOBILE VINTAGE HEARTS ,1,2010-02-02 13:48:00,4.95,12748.0,United Kingdom
568510,23343,JUMBO BAG VINTAGE CHRISTMAS ,18,2011-09-27 12:26:00,2.08,13555.0,United Kingdom
526140,21124,SET/10 BLUE SPOTTY PARTY CANDLES,24,2010-10-08 14:40:00,1.25,14665.0,United Kingdom
541827,21026,SPACE OWL,7,2011-01-21 17:05:00,0.83,,United Kingdom
535531,37446,MINI CAKE STAND WITH HANGING CAKES,3,2010-11-26 15:16:00,1.45,17841.0,United Kingdom
566062,23398,HANGING HEART BONHEUR,48,2011-09-08 15:39:00,0.85,14522.0,United Kingdom
566438,23410,CURIO CABINET LINEN AND LACE ,1,2011-09-12 15:14:00,8.15,15996.0,United Kingdom
578844,47591D,PINK FAIRY CAKE CHILDRENS APRON,1,2011-11-25 16:14:00,4.13,,United Kingdom
567211,84596B,SMALL DOLLY MIX DESIGN ORANGE BOWL,8,2011-09-19 11:02:00,0.42,14159.0,United Kingdom
576339,21905,MORE BUTTER METAL SIGN ,1,2011-11-14 15:27:00,1.63,14096.0,United Kingdom
551158,21468,BUTTERFLY CROCHET FOOD COVER,3,2011-04-26 15:00:00,3.75,16823.0,United Kingdom
501919,85163A,WHITE BAROQUE WALL CLOCK ,2,2010-03-22 10:21:00,12.75,13148.0,United Kingdom
524307,22467,GUMBALL COAT RACK,12,2010-09-28 13:54:00,2.55,17092.0,United Kingdom
564840,21774,DECORATIVE CATS BATHROOM BOTTLE,2,2011-08-30 12:49:00,2.46,,United Kingdom
523718,85099B,JUMBO BAG RED RETROSPOT,10,2010-09-23 15:48:00,1.95,13985.0,United Kingdom
533452,22633,HAND WARMER UNION JACK,24,2010-11-17 11:48:00,2.1,16258.0,United Kingdom
495379,22381,TOY TIDY PINK RETROSPOT  ,2,2010-01-24 13:46:00,2.1,17611.0,United Kingdom
517328,21535,RED RETROSPOT SMALL MILK JUG,12,2010-07-28 12:46:00,2.55,13408.0,United Kingdom
492795,85178,VICTORIAN SEWING KIT,8,2009-12-20 10:43:00,1.25,18077.0,United Kingdom
493446,85113,POLKA DOT PISTACHIO PAIL,3,2010-01-04 14:00:00,2.1,17807.0,United Kingdom
494990,84992,72 SWEETHEART FAIRY CAKE CASES,24,2010-01-20 11:54:00,0.55,14388.0,United Kingdom
524299,22579,WOODEN TREE CHRISTMAS SCANDINAVIAN,12,2010-09-28 13:13:00,0.85,14911.0,EIRE
C517887,22423,REGENCY CAKESTAND 3 TIER,-1,2010-08-03 08:55:00,12.75,16094.0,United Kingdom
534398,22867,HAND WARMER BIRD DESIGN,12,2010-11-22 13:25:00,2.1,13889.0,United Kingdom
528577,21864,UNION JACK FLAG PASSPORT COVER ,5,2010-10-22 13:13:00,4.21,,United Kingdom
544150,22762,CUPBOARD 3 DRAWER MA CAMPAGNE,1,2011-02-16 11:59:00,14.95,14180.0,United Kingdom
504427,22323,PINK POLKADOT KIDS BAG,1,2010-04-13 13:21:00,1.95,14030.0,United Kingdom
568798,22111,SCOTTIE DOG HOT WATER BOTTLE,3,2011-09-29 10:23:00,4.95,12615.0,France
533088,22311,OFFICE MUG WARMER BLACK+SILVER ,48,2010-11-16 10:05:00,2.55,12357.0,Switzerland
521791,20669,RED HEART LUGGAGE TAG,6,2010-09-08 13:30:00,1.25,14667.0,United Kingdom
519932,84879,ASSORTED COLOUR BIRD ORNAMENT,8,2010-08-22 16:05:00,1.69,17231.0,United Kingdom
531362,21136,PAINTED METAL PEARS ASSORTED,1,2010-11-07 14:28:00,1.69,13561.0,United Kingdom
522983,22666,RECIPE BOX PANTRY YELLOW DESIGN,1,2010-09-19 14:07:00,2.95,17913.0,United Kingdom
565439,84991,60 TEATIME FAIRY CAKE CASES,24,2011-09-04 13:56:00,0.55,14852.0,United Kingdom
491969,21396,RED SPOTTY EGG CUP ,1,2009-12-14 17:57:00,3.43,,United Kingdom
517235,82616A,BUBBLE GUM SCARF KNITTING KIT,1,2010-07-27 13:52:00,2.95,12804.0,Netherlands
500498,22487,WHITE WOOD GARDEN PLANT LADDER,4,2010-03-08 13:17:00,8.5,17672.0,United Kingdom
501161,20990,SPRING FLOWER CHOPSTICKS SET/5,2,2010-03-15 09:28:00,4.21,,United Kingdom
566723,23399,HOME SWEET HOME HANGING HEART,12,2011-09-14 13:02:00,0.85,15804.0,United Kingdom
516941,20961,STRAWBERRY BATH SPONGE ,1,2010-07-25 14:30:00,1.25,15898.0,United Kingdom
527095,22403,MAGNETS PACK OF 4 VINTAGE LABELS ,1,2010-10-14 16:24:00,1.25,17823.0,United Kingdom
508184,85164B,BLACK BAROQUE CUCKOO CLOCK,6,2010-05-13 12:47:00,8.5,13078.0,United Kingdom
581219,22727,ALARM CLOCK BAKELIKE RED ,1,2011-12-08 09:28:00,7.46,,United Kingdom
526473,21034,REX CASH+CARRY JUMBO SHOPPER,1,2010-10-11 17:01:00,0.95,16407.0,United Kingdom
545996,22083,PAPER CHAIN KIT RETROSPOT,3,2011-03-08 14:12:00,2.95,14367.0,United Kingdom
574738,71477,COLOUR GLASS. STAR T-LIGHT HOLDER,3,2011-11-06 16:01:00,3.95,12748.0,United Kingdom
560248,23187,FRENCH STYLE STORAGE JAR BONBONS,6,2011-07-17 12:24:00,0.29,16255.0,United Kingdom
548011,22382,LUNCH BAG SPACEBOY DESIGN ,200,2011-03-29 11:14:00,1.45,14646.0,Netherlands
C512668,22184,CAKE STAND VICTORIAN FILIGREE LARGE,-2,2010-06-17 11:33:00,8.5,16158.0,United Kingdom
528092,20981,12 PENCILS TALL TUBE WOODLAND,2,2010-10-20 13:19:00,0.85,14449.0,United Kingdom
525524,85099B,JUMBO BAG RED RETROSPOT,10,2010-10-05 17:55:00,1.95,15750.0,United Kingdom
560646,23134,LARGE ZINC HEART WALL ORGANISER,87,2011-07-20 11:28:00,5.88,18102.0,United Kingdom
543450,21086,SET/6 RED SPOTTY PAPER CUPS,5,2011-02-08 12:12:00,1.63,,United Kingdom
576355,22920,HERB MARKER BASIL,12,2011-11-14 16:28:00,0.65,13089.0,United Kingdom
556241,23052,RECYCLED ACAPULCO MAT TURQUOISE,2,2011-06-09 16:04:00,8.25,12597.0,Spain
569652,23321,SMALL WHITE HEART OF WICKER,12,2011-10-05 12:51:00,1.65,15628.0,United Kingdom
562129,85099B,JUMBO BAG RED RETROSPOT,10,2011-08-03 09:09:00,2.08,13186.0,United Kingdom
515910,17091A,LAVENDER INCENSE IN TIN,36,2010-07-15 13:17:00,0.38,14298.0,United Kingdom
495331,20726,LUNCH BAG WOODLAND,4,2010-01-22 16:28:00,1.65,17799.0,United Kingdom
533423,21914,BLUE HARMONICA IN BOX ,12,2010-11-17 11:19:00,1.25,16386.0,United Kingdom
519714,20681,PINK SPOTTY CHILDS UMBRELLA,12,2010-08-19 15:45:00,3.25,17829.0,United Arab Emirates
C567686,20728,LUNCH BAG CARS BLUE,-10,2011-09-21 16:42:00,1.65,17702.0,United Kingdom
570265,22722,SET OF 6 SPICE TINS PANTRY DESIGN,24,2011-10-10 10:07:00,3.45,15125.0,United Kingdom
566033,22278,OVERNIGHT BAG VINTAGE ROSE PAISLEY,1,2011-09-08 13:07:00,4.95,16031.0,United Kingdom
539437,22962,JAM JAR WITH PINK LID,12,2010-12-17 14:54:00,1.66,,United Kingdom
570694,22666,RECIPE BOX PANTRY YELLOW DESIGN,6,2011-10-12 08:10:00,2.95,14911.0,EIRE
573553,20970,PINK FLORAL FELTCRAFT SHOULDER BAG,1,2011-10-31 13:48:00,7.46,,United Kingdom
506097,22423,REGENCY CAKESTAND 3 TIER,3,2010-04-27 12:20:00,12.75,16456.0,United Kingdom
545013,20725,LUNCH BAG RED RETROSPOT,20,2011-02-25 13:09:00,1.65,13093.0,United Kingdom
576618,90036C,"FLOWER GLASS GARLAND NECKL.36""BLUE",1,2011-11-15 17:00:00,7.9,,United Kingdom
567673,22086,PAPER CHAIN KIT 50'S CHRISTMAS ,1,2011-09-21 15:43:00,5.79,,United Kingdom
550579,22629,SPACEBOY LUNCH BOX ,12,2011-04-19 11:52:00,1.95,13266.0,United Kingdom
571275,23194,GYMKHANA TREASURE BOOK BOX,1,2011-10-16 12:28:00,2.25,15994.0,United Kingdom
506556,22458,CAST IRON HOOK GARDEN FORK,2,2010-04-30 11:28:00,2.55,14994.0,United Kingdom
536216,22634,CHILDS BREAKFAST SET SPACEBOY ,1,2010-11-30 13:41:00,9.95,14390.0,United Kingdom
544806,21927,BLUE/CREAM STRIPE CUSHION COVER ,12,2011-02-23 14:50:00,1.25,15932.0,United Kingdom
537240,21894,POTTING SHED SEED ENVELOPES,3,2010-12-06 10:08:00,2.51,,United Kingdom
520179,22198,LARGE POPCORN HOLDER ,10,2010-08-24 13:46:00,1.65,16550.0,United Kingdom
522813,22643,SET OF 4 NAPKIN CHARMS LEAVES   ,6,2010-09-16 18:09:00,2.55,15664.0,United Kingdom
490011,37464,ROBOT MUG IN DISPLAY BOX,5,2009-12-03 12:27:00,1.25,16918.0,United Kingdom
491457,21146,ANTIQUE GLASS RIDGED HANGING BALL,4,2009-12-11 11:26:00,1.95,15998.0,United Kingdom
548012,21929,JUMBO BAG PINK VINTAGE PAISLEY,5,2011-03-29 11:15:00,1.95,17377.0,United Kingdom
534204,22866,HAND WARMER SCOTTY DOG DESIGN,12,2010-11-21 15:30:00,2.1,15634.0,United Kingdom
552514,20719,WOODLAND CHARLOTTE BAG,2,2011-05-09 16:30:00,1.63,,United Kingdom
507178,21559,STRAWBERRY LUNCH BOX WITH CUTLERY,60,2010-05-06 15:17:00,2.1,14646.0,Netherlands
548516,22193,RED DINER WALL CLOCK,1,2011-03-31 16:28:00,16.63,,United Kingdom
542386,22835,HOT WATER BOTTLE I AM SO POORLY,8,2011-01-27 14:35:00,4.65,17540.0,United Kingdom
498416,48187,DOOR MAT NEW ENGLAND,2,2010-02-18 16:16:00,7.49,14783.0,United Kingdom
533314,10002,INFLATABLE POLITICAL GLOBE ,12,2010-11-16 17:12:00,0.85,13158.0,United Kingdom
543170,22493,PAINT YOUR OWN CANVAS SET,24,2011-02-04 09:03:00,1.65,17334.0,United Kingdom
520363,84828,JUNGLE POPSICLES ICE LOLLY HOLDERS,1,2010-08-25 14:04:00,2.51,,United Kingdom
496801,22249,DECORATION WHITE CHICK MAGIC GARDEN,1,2010-02-03 17:06:00,1.66,,United Kingdom
507235,72232,FENG SHUI PILLAR CANDLE,48,2010-05-07 09:04:00,0.19,14298.0,United Kingdom
568989,23203,JUMBO BAG VINTAGE DOILY ,10,2011-09-29 16:41:00,2.08,14709.0,United Kingdom
564635,85099C,JUMBO  BAG BAROQUE BLACK WHITE,20,2011-08-26 12:41:00,2.08,15615.0,United Kingdom
531690,22646,CERAMIC STRAWBERRY CAKE MONEY BANK,3,2010-11-09 11:49:00,4.21,,United Kingdom
543451,22771,CLEAR DRAWER KNOB ACRYLIC EDWARDIAN,14,2011-02-08 12:13:00,2.46,,United Kingdom
511544,21577,SAVE THE PLANET COTTON TOTE BAG,1,2010-06-08 17:48:00,5.06,,United Kingdom
577033,21098,CHRISTMAS TOILET ROLL,2,2011-11-17 13:16:00,1.25,17797.0,United Kingdom
537224,22910,PAPER CHAIN KIT VINTAGE CHRISTMAS,4,2010-12-05 16:24:00,2.95,13174.0,United Kingdom
534709,85049A,TRADITIONAL CHRISTMAS RIBBONS,3,2010-11-23 16:53:00,2.51,,United Kingdom
556905,23075,PARLOUR CERAMIC WALL HOOK,2,2011-06-15 13:05:00,4.15,16904.0,United Kingdom
558475,17084P,DRAGONS BLOOD INCENSE,1,2011-06-29 15:58:00,0.42,,United Kingdom
501807,21977,PACK OF 60 PINK PAISLEY CAKE CASES,7,2010-03-19 14:05:00,0.55,17799.0,United Kingdom
579470,85123A,WHITE HANGING HEART T-LIGHT HOLDER,6,2011-11-29 15:06:00,2.95,16549.0,United Kingdom
538849,84849A,HELLO SAILOR BLUE SOAP HOLDER,4,2010-12-14 13:31:00,1.69,14415.0,United Kingdom
547828,22854,CREAM SWEETHEART EGG HOLDER,4,2011-03-25 15:18:00,4.95,16618.0,United Kingdom
569669,22557,PLASTERS IN TIN VINTAGE PAISLEY ,2,2011-10-05 13:47:00,1.65,14730.0,United Kingdom
529082,84991,60 TEATIME FAIRY CAKE CASES,1,2010-10-26 13:11:00,0.55,14546.0,United Kingdom
558368,84077,WORLD WAR 2 GLIDERS ASSTD DESIGNS,96,2011-06-28 15:36:00,0.29,14329.0,United Kingdom
C493898,M,Manual,-1,2010-01-08 10:40:00,780.52,14911.0,EIRE
511611,85123A,WHITE HANGING HEART T-LIGHT HOLDER,2,2010-06-09 11:28:00,2.95,15352.0,United Kingdom
564756,22747,POPPY'S PLAYHOUSE BATHROOM,1,2011-08-30 10:33:00,4.13,,United Kingdom
569667,22596,CHRISTMAS STAR WISH LIST CHALKBOARD,12,2011-10-05 13:42:00,1.25,17521.0,United Kingdom
518065,84029E,RED WOOLLY HOTTIE WHITE HEART.,12,2010-08-04 12:41:00,2.95,14298.0,United Kingdom
536409,22153,ANGEL DECORATION STARS ON DRESS,6,2010-12-01 11:45:00,0.42,17908.0,United Kingdom
505723,21900,"KEY FOB , SHED",3,2010-04-25 13:48:00,0.65,17146.0,United Kingdom
501475,22068,BLACK PIRATE TREASURE CHEST,1,2010-03-16 16:59:00,3.36,,United Kingdom
502234,20723,STRAWBERRY CHARLOTTE BAG,10,2010-03-23 12:24:00,0.85,16327.0,United Kingdom
562420,21985,PACK OF 12 HEARTS DESIGN TISSUES ,1,2011-08-04 16:38:00,0.83,,United Kingdom
578479,23082,SET 6 PAPER TABLE LANTERN HEARTS ,4,2011-11-24 12:48:00,3.75,15858.0,United Kingdom
551958,22431,WATERING CAN BLUE ELEPHANT,6,2011-05-05 12:37:00,1.95,13883.0,United Kingdom
501307,84978,HANGING HEART JAR T-LIGHT HOLDER,1,2010-03-15 17:32:00,2.51,,United Kingdom
492414,21100,CHARLIE AND LOLA CHARLOTTE BAG,1,2009-12-16 17:01:00,3.43,,United Kingdom
555572,22413,METAL SIGN TAKE IT OR LEAVE IT ,6,2011-06-05 15:37:00,2.95,12449.0,Belgium
572758,21166,COOK WITH WINE METAL SIGN ,1,2011-10-25 18:39:00,4.13,,United Kingdom
570818,84510A,SET OF 4 ENGLISH ROSE COASTERS,1,2011-10-12 12:47:00,1.25,17841.0,United Kingdom
524506,22649,STRAWBERRY FAIRY CAKE TEAPOT,8,2010-09-29 12:40:00,4.95,17470.0,United Kingdom
492543,20747,PICCADILLY TEA SET,1,2009-12-17 13:41:00,14.95,,United Kingdom
573483,21314,SMALL GLASS HEART TRINKET POT,24,2011-10-31 11:32:00,2.1,15793.0,United Kingdom
546392,84510C,SET OF 4 POLKADOT COASTERS,1,2011-03-11 14:15:00,1.25,14587.0,United Kingdom
574839,23284,DOORMAT KEEP CALM AND COME IN,1,2011-11-07 11:40:00,8.25,15493.0,United Kingdom
577309,84970S,HANGING HEART ZINC T-LIGHT HOLDER,12,2011-11-18 13:14:00,0.85,15933.0,United Kingdom
516146,21328,BALLOONS  WRITING SET ,1,2010-07-16 17:58:00,3.36,,United Kingdom
579457,22469,HEART OF WICKER SMALL,12,2011-11-29 14:20:00,1.65,14824.0,United Kingdom
567024,22114,HOT WATER BOTTLE TEA AND SYMPATHY,14,2011-09-16 11:23:00,9.13,,United Kingdom
547498,22633,HAND WARMER UNION JACK,3,2011-03-23 12:24:00,2.1,15021.0,United Kingdom
519407,22083,PAPER CHAIN KIT RETRO SPOT,6,2010-08-17 09:47:00,2.95,15498.0,United Kingdom
537614,22728,ALARM CLOCK BAKELIKE PINK,2,2010-12-07 13:29:00,3.75,16904.0,United Kingdom
506472,22584,PACK OF 6 PANNETONE GIFT BOXES,6,2010-04-30 09:47:00,2.55,17230.0,United Kingdom
539631,22740,POLKADOT PEN,2,2010-12-20 15:03:00,1.66,,United Kingdom
503217,22568,FELTCRAFT CUSHION OWL,1,2010-03-30 16:17:00,3.75,18002.0,United Kingdom
572074,22910,PAPER CHAIN KIT VINTAGE CHRISTMAS,2,2011-10-20 13:54:00,2.95,16284.0,United Kingdom
553345,21136,PAINTED METAL PEARS ASSORTED,16,2011-05-16 12:53:00,1.69,16729.0,United Kingdom
525167,22570,FELTCRAFT CUSHION RABBIT,4,2010-10-04 12:14:00,3.75,12486.0,Sweden
534459,21829,DINOSAUR KEYRINGS ASSORTED,2,2010-11-23 09:12:00,0.43,,United Kingdom
530972,21213,PACK OF 72 SKULL CAKE CASES,24,2010-11-05 09:47:00,0.55,13846.0,United Kingdom
563171,22896,PEG BAG APPLES DESIGN,6,2011-08-12 12:46:00,2.55,16317.0,United Kingdom
500751,84795D,SEASIDE STRIPE HAMMOCK,2,2010-03-10 10:25:00,7.95,13081.0,United Kingdom
564825,84968A,SET OF 16 VINTAGE ROSE CUTLERY,1,2011-08-30 12:26:00,24.96,,United Kingdom
576255,22866,HAND WARMER SCOTTY DOG DESIGN,2,2011-11-14 14:09:00,2.1,15993.0,United Kingdom
499498,71053,WHITE METAL LANTERN,2,2010-02-28 14:34:00,3.75,14396.0,United Kingdom
540698,82600,NO SINGING METAL SIGN,48,2011-01-11 09:24:00,2.21,17450.0,United Kingdom
